timestamp,location,alarm_type,severity,status,description,device_id,response_time_minutes
2025-10-28 02:13:16,办公区门禁,区域入侵,medium,resolved,检测到强行开门事件,DOOR_003,8.0
2025-10-28 14:46:26,B区门禁,未授权访问,critical,in_progress,检测到尾随进入事件,DOOR_006,
2025-10-28 09:01:05,C区门禁,门禁超时未关,low,in_progress,检测到区域入侵事件,DOOR_015,
2025-10-28 04:28:40,A区门禁,强行开门,high,false_alarm,检测到未授权访问事件,DOOR_012,
2025-10-28 05:02:23,机房门禁,门禁超时未关,medium,false_alarm,检测到强行开门事件,DOOR_006,
2025-10-28 14:30:08,A区门禁,区域入侵,high,resolved,检测到强行开门事件,DOOR_007,16.0
2025-10-28 14:16:27,C区门禁,门禁超时未关,low,open,检测到区域入侵事件,DOOR_003,55.0
2025-10-28 10:35:45,办公区门禁,刷卡失败,low,resolved,检测到门禁超时未关事件,DOOR_015,1.0
2025-10-28 14:30:12,停车场门禁,未授权访问,medium,resolved,检测到刷卡失败事件,DOOR_016,
2025-10-28 18:30:23,D区门禁,未授权访问,high,false_alarm,检测到区域入侵事件,DOOR_005,3.0
2025-10-28 20:56:09,办公区门禁,门禁超时未关,medium,resolved,检测到区域入侵事件,DOOR_009,44.0
2025-10-28 09:45:48,停车场门禁,门禁超时未关,medium,false_alarm,检测到尾随进入事件,DOOR_005,38.0
2025-10-28 05:20:34,B区门禁,强行开门,high,in_progress,检测到门禁超时未关事件,DOOR_016,51.0
2025-10-28 01:15:38,B区门禁,未授权访问,high,open,检测到未授权访问事件,DOOR_020,26.0
2025-10-28 09:04:21,停车场门禁,强行开门,medium,in_progress,检测到区域入侵事件,DOOR_015,
2025-10-28 04:58:52,C区门禁,未授权访问,medium,resolved,检测到区域入侵事件,DOOR_020,56.0
2025-10-28 03:34:37,B区门禁,区域入侵,critical,open,检测到刷卡失败事件,DOOR_006,33.0
2025-10-28 23:54:16,办公区门禁,门禁超时未关,critical,in_progress,检测到尾随进入事件,DOOR_009,1.0
2025-10-28 08:50:31,C区门禁,强行开门,medium,open,检测到尾随进入事件,DOOR_003,18.0
2025-10-28 20:49:25,B区门禁,刷卡失败,medium,false_alarm,检测到未授权访问事件,DOOR_010,11.0
2025-10-28 13:01:57,A区门禁,刷卡失败,critical,in_progress,检测到未授权访问事件,DOOR_016,58.0
2025-10-28 03:59:55,D区门禁,未授权访问,medium,false_alarm,检测到强行开门事件,DOOR_008,48.0
2025-10-28 15:48:19,停车场门禁,区域入侵,critical,resolved,检测到区域入侵事件,DOOR_004,5.0
2025-10-28 11:11:40,办公区门禁,门禁超时未关,critical,in_progress,检测到门禁超时未关事件,DOOR_015,28.0
2025-10-27 12:09:39,B区门禁,区域入侵,low,open,检测到未授权访问事件,DOOR_009,59.0
2025-10-27 17:42:46,D区门禁,刷卡失败,medium,open,检测到强行开门事件,DOOR_020,
2025-10-27 17:43:14,B区门禁,区域入侵,high,resolved,检测到门禁超时未关事件,DOOR_005,
2025-10-27 08:09:31,机房门禁,刷卡失败,medium,resolved,检测到门禁超时未关事件,DOOR_006,46.0
2025-10-27 22:25:32,停车场门禁,刷卡失败,medium,resolved,检测到尾随进入事件,DOOR_001,6.0
2025-10-27 11:20:22,C区门禁,刷卡失败,critical,open,检测到尾随进入事件,DOOR_006,9.0
2025-10-27 21:41:11,A区门禁,刷卡失败,high,in_progress,检测到门禁超时未关事件,DOOR_016,28.0
2025-10-27 11:08:13,C区门禁,刷卡失败,medium,resolved,检测到刷卡失败事件,DOOR_019,23.0
2025-10-27 14:21:24,C区门禁,未授权访问,low,resolved,检测到区域入侵事件,DOOR_011,39.0
2025-10-27 09:42:41,A区门禁,未授权访问,critical,false_alarm,检测到强行开门事件,DOOR_001,51.0
2025-10-27 09:02:40,办公区门禁,区域入侵,critical,false_alarm,检测到尾随进入事件,DOOR_014,15.0
2025-10-27 20:59:00,办公区门禁,尾随进入,low,resolved,检测到门禁超时未关事件,DOOR_009,
2025-10-27 04:45:19,办公区门禁,未授权访问,low,false_alarm,检测到区域入侵事件,DOOR_005,
2025-10-27 22:31:39,A区门禁,强行开门,medium,false_alarm,检测到尾随进入事件,DOOR_015,
2025-10-27 21:31:43,B区门禁,区域入侵,high,false_alarm,检测到区域入侵事件,DOOR_009,22.0
2025-10-26 09:36:54,机房门禁,区域入侵,medium,resolved,检测到强行开门事件,DOOR_004,27.0
2025-10-26 23:44:26,C区门禁,门禁超时未关,medium,resolved,检测到尾随进入事件,DOOR_006,17.0
2025-10-26 16:44:39,C区门禁,门禁超时未关,low,open,检测到强行开门事件,DOOR_018,
2025-10-26 02:01:55,B区门禁,区域入侵,medium,false_alarm,检测到区域入侵事件,DOOR_001,58.0
2025-10-26 20:22:55,C区门禁,强行开门,medium,resolved,检测到强行开门事件,DOOR_003,53.0
2025-10-26 20:43:10,停车场门禁,门禁超时未关,critical,open,检测到强行开门事件,DOOR_015,53.0
2025-10-26 22:53:11,A区门禁,区域入侵,low,resolved,检测到强行开门事件,DOOR_013,
2025-10-26 15:42:55,机房门禁,未授权访问,critical,in_progress,检测到未授权访问事件,DOOR_020,
2025-10-26 18:57:00,机房门禁,强行开门,high,false_alarm,检测到门禁超时未关事件,DOOR_004,
2025-10-26 12:55:10,办公区门禁,未授权访问,high,resolved,检测到区域入侵事件,DOOR_004,48.0
2025-10-26 00:50:42,A区门禁,未授权访问,low,in_progress,检测到区域入侵事件,DOOR_015,49.0
2025-10-26 00:00:45,A区门禁,区域入侵,high,in_progress,检测到尾随进入事件,DOOR_016,38.0
2025-10-26 23:38:09,D区门禁,未授权访问,critical,in_progress,检测到刷卡失败事件,DOOR_016,54.0
2025-10-26 23:54:53,D区门禁,门禁超时未关,critical,resolved,检测到尾随进入事件,DOOR_015,
2025-10-26 01:27:06,停车场门禁,区域入侵,low,false_alarm,检测到强行开门事件,DOOR_012,
2025-10-26 00:50:49,机房门禁,未授权访问,low,false_alarm,检测到门禁超时未关事件,DOOR_017,19.0
2025-10-25 07:23:06,A区门禁,刷卡失败,low,false_alarm,检测到未授权访问事件,DOOR_020,43.0
2025-10-25 17:58:34,D区门禁,强行开门,low,open,检测到尾随进入事件,DOOR_005,
2025-10-25 06:55:02,办公区门禁,门禁超时未关,critical,open,检测到尾随进入事件,DOOR_014,46.0
2025-10-25 05:24:53,办公区门禁,区域入侵,low,false_alarm,检测到刷卡失败事件,DOOR_019,8.0
2025-10-25 06:26:50,D区门禁,未授权访问,high,false_alarm,检测到区域入侵事件,DOOR_011,12.0
2025-10-25 07:53:14,A区门禁,强行开门,medium,in_progress,检测到强行开门事件,DOOR_008,3.0
2025-10-25 07:51:44,B区门禁,刷卡失败,high,resolved,检测到未授权访问事件,DOOR_006,
2025-10-25 10:12:54,停车场门禁,刷卡失败,high,in_progress,检测到门禁超时未关事件,DOOR_002,50.0
2025-10-25 08:37:46,机房门禁,门禁超时未关,high,false_alarm,检测到刷卡失败事件,DOOR_009,5.0
2025-10-25 07:58:21,办公区门禁,刷卡失败,low,resolved,检测到强行开门事件,DOOR_017,25.0
2025-10-25 00:33:22,机房门禁,区域入侵,critical,in_progress,检测到强行开门事件,DOOR_002,7.0
2025-10-25 06:19:33,B区门禁,强行开门,high,open,检测到刷卡失败事件,DOOR_019,
2025-10-25 16:12:46,机房门禁,区域入侵,critical,false_alarm,检测到尾随进入事件,DOOR_012,14.0
2025-10-25 19:46:00,C区门禁,刷卡失败,high,false_alarm,检测到尾随进入事件,DOOR_005,
2025-10-25 14:15:33,C区门禁,未授权访问,critical,in_progress,检测到区域入侵事件,DOOR_009,58.0
2025-10-25 23:38:48,B区门禁,刷卡失败,critical,false_alarm,检测到刷卡失败事件,DOOR_013,34.0
2025-10-25 16:06:15,A区门禁,刷卡失败,medium,open,检测到强行开门事件,DOOR_006,39.0
2025-10-25 00:59:58,办公区门禁,未授权访问,high,in_progress,检测到门禁超时未关事件,DOOR_013,30.0
2025-10-25 06:15:03,机房门禁,区域入侵,medium,resolved,检测到强行开门事件,DOOR_005,10.0
2025-10-25 13:53:05,停车场门禁,刷卡失败,low,open,检测到尾随进入事件,DOOR_011,46.0
2025-10-25 18:38:43,C区门禁,门禁超时未关,low,resolved,检测到强行开门事件,DOOR_002,14.0
2025-10-25 01:27:31,C区门禁,尾随进入,high,resolved,检测到区域入侵事件,DOOR_019,
2025-10-25 03:39:33,办公区门禁,门禁超时未关,high,resolved,检测到尾随进入事件,DOOR_004,13.0
2025-10-25 09:46:44,C区门禁,未授权访问,medium,resolved,检测到未授权访问事件,DOOR_014,8.0
2025-10-25 17:22:34,C区门禁,强行开门,low,resolved,检测到刷卡失败事件,DOOR_013,
2025-10-24 17:50:41,办公区门禁,强行开门,medium,in_progress,检测到刷卡失败事件,DOOR_004,48.0
2025-10-24 17:35:54,办公区门禁,强行开门,critical,resolved,检测到强行开门事件,DOOR_005,
2025-10-24 16:37:48,A区门禁,门禁超时未关,medium,false_alarm,检测到门禁超时未关事件,DOOR_008,45.0
2025-10-24 17:37:09,停车场门禁,强行开门,medium,in_progress,检测到强行开门事件,DOOR_019,22.0
2025-10-24 17:59:45,机房门禁,尾随进入,high,in_progress,检测到区域入侵事件,DOOR_011,5.0
2025-10-24 12:17:42,机房门禁,尾随进入,medium,in_progress,检测到刷卡失败事件,DOOR_018,28.0
2025-10-24 00:48:35,A区门禁,刷卡失败,high,resolved,检测到门禁超时未关事件,DOOR_019,43.0
2025-10-24 17:12:16,A区门禁,刷卡失败,low,resolved,检测到尾随进入事件,DOOR_011,
2025-10-24 10:42:39,办公区门禁,未授权访问,critical,in_progress,检测到尾随进入事件,DOOR_014,
2025-10-24 01:21:25,A区门禁,刷卡失败,critical,resolved,检测到门禁超时未关事件,DOOR_001,38.0
2025-10-24 12:41:49,A区门禁,刷卡失败,high,resolved,检测到区域入侵事件,DOOR_014,60.0
2025-10-24 09:27:24,停车场门禁,强行开门,high,resolved,检测到区域入侵事件,DOOR_003,39.0
2025-10-24 10:09:26,办公区门禁,强行开门,critical,in_progress,检测到强行开门事件,DOOR_009,55.0
2025-10-24 11:26:23,A区门禁,区域入侵,critical,resolved,检测到区域入侵事件,DOOR_016,52.0
2025-10-24 21:26:35,停车场门禁,区域入侵,critical,resolved,检测到未授权访问事件,DOOR_002,45.0
2025-10-24 10:14:30,A区门禁,门禁超时未关,high,false_alarm,检测到强行开门事件,DOOR_001,26.0
2025-10-24 10:44:35,D区门禁,区域入侵,high,open,检测到区域入侵事件,DOOR_020,4.0
2025-10-24 04:40:47,A区门禁,门禁超时未关,low,in_progress,检测到尾随进入事件,DOOR_014,31.0
2025-10-24 07:01:11,办公区门禁,门禁超时未关,low,false_alarm,检测到未授权访问事件,DOOR_009,54.0
2025-10-24 13:47:21,B区门禁,区域入侵,low,resolved,检测到强行开门事件,DOOR_014,40.0
2025-10-24 20:04:08,D区门禁,刷卡失败,high,in_progress,检测到尾随进入事件,DOOR_019,45.0
2025-10-24 14:15:52,停车场门禁,区域入侵,low,false_alarm,检测到强行开门事件,DOOR_016,40.0
2025-10-24 07:38:52,C区门禁,强行开门,critical,false_alarm,检测到区域入侵事件,DOOR_003,
2025-10-24 18:06:50,办公区门禁,未授权访问,low,open,检测到未授权访问事件,DOOR_009,28.0
2025-10-24 17:24:07,B区门禁,强行开门,low,in_progress,检测到未授权访问事件,DOOR_001,
2025-10-24 16:21:46,停车场门禁,尾随进入,low,open,检测到尾随进入事件,DOOR_020,24.0
2025-10-24 03:36:34,停车场门禁,强行开门,medium,resolved,检测到门禁超时未关事件,DOOR_006,25.0
2025-10-24 14:05:17,A区门禁,门禁超时未关,medium,open,检测到尾随进入事件,DOOR_013,12.0
2025-10-23 23:59:29,C区门禁,区域入侵,critical,in_progress,检测到未授权访问事件,DOOR_003,29.0
2025-10-23 15:37:31,办公区门禁,强行开门,critical,false_alarm,检测到刷卡失败事件,DOOR_014,23.0
2025-10-23 19:35:08,D区门禁,强行开门,high,false_alarm,检测到区域入侵事件,DOOR_010,31.0
2025-10-23 14:39:54,A区门禁,区域入侵,low,false_alarm,检测到未授权访问事件,DOOR_008,43.0
2025-10-23 18:14:26,办公区门禁,门禁超时未关,critical,in_progress,检测到区域入侵事件,DOOR_011,
2025-10-23 20:14:15,A区门禁,强行开门,high,open,检测到区域入侵事件,DOOR_004,
2025-10-23 10:00:31,D区门禁,尾随进入,high,open,检测到尾随进入事件,DOOR_004,32.0
2025-10-23 18:31:35,B区门禁,门禁超时未关,medium,in_progress,检测到门禁超时未关事件,DOOR_002,
2025-10-23 05:44:11,C区门禁,未授权访问,high,resolved,检测到未授权访问事件,DOOR_019,49.0
2025-10-23 14:49:29,C区门禁,区域入侵,medium,in_progress,检测到门禁超时未关事件,DOOR_005,47.0
2025-10-23 06:12:11,D区门禁,刷卡失败,critical,false_alarm,检测到未授权访问事件,DOOR_007,13.0
2025-10-23 19:46:27,D区门禁,尾随进入,low,false_alarm,检测到强行开门事件,DOOR_007,3.0
2025-10-23 05:41:15,停车场门禁,强行开门,low,in_progress,检测到刷卡失败事件,DOOR_012,1.0
2025-10-23 11:55:55,B区门禁,未授权访问,high,resolved,检测到未授权访问事件,DOOR_005,35.0
2025-10-23 18:26:06,A区门禁,门禁超时未关,medium,resolved,检测到门禁超时未关事件,DOOR_014,24.0
2025-10-23 02:17:05,机房门禁,未授权访问,high,false_alarm,检测到未授权访问事件,DOOR_013,
2025-10-23 02:15:45,办公区门禁,强行开门,medium,resolved,检测到尾随进入事件,DOOR_012,13.0
2025-10-23 16:41:14,机房门禁,尾随进入,critical,resolved,检测到尾随进入事件,DOOR_006,32.0
2025-10-23 02:07:14,C区门禁,区域入侵,critical,in_progress,检测到区域入侵事件,DOOR_014,
2025-10-23 06:36:11,办公区门禁,刷卡失败,critical,open,检测到刷卡失败事件,DOOR_009,45.0
2025-10-23 06:56:05,A区门禁,强行开门,high,in_progress,检测到未授权访问事件,DOOR_020,
2025-10-23 23:54:06,C区门禁,门禁超时未关,high,in_progress,检测到刷卡失败事件,DOOR_016,
2025-10-23 17:20:16,D区门禁,尾随进入,medium,open,检测到门禁超时未关事件,DOOR_003,36.0
2025-10-23 02:58:20,办公区门禁,强行开门,medium,false_alarm,检测到尾随进入事件,DOOR_006,35.0
2025-10-23 18:10:55,B区门禁,强行开门,critical,open,检测到刷卡失败事件,DOOR_010,57.0
2025-10-23 16:18:41,机房门禁,未授权访问,critical,open,检测到区域入侵事件,DOOR_018,
2025-10-23 07:14:03,C区门禁,门禁超时未关,low,resolved,检测到门禁超时未关事件,DOOR_007,3.0
2025-10-22 11:16:22,停车场门禁,门禁超时未关,low,in_progress,检测到区域入侵事件,DOOR_007,8.0
2025-10-22 11:49:14,停车场门禁,门禁超时未关,low,open,检测到门禁超时未关事件,DOOR_003,
2025-10-22 19:57:42,机房门禁,未授权访问,critical,false_alarm,检测到未授权访问事件,DOOR_005,12.0
2025-10-22 04:14:03,D区门禁,尾随进入,low,resolved,检测到门禁超时未关事件,DOOR_017,40.0
2025-10-22 20:34:55,A区门禁,尾随进入,critical,false_alarm,检测到区域入侵事件,DOOR_016,20.0
2025-10-22 00:35:16,办公区门禁,尾随进入,high,false_alarm,检测到强行开门事件,DOOR_002,
2025-10-22 02:15:09,机房门禁,刷卡失败,high,in_progress,检测到区域入侵事件,DOOR_017,33.0
2025-10-22 18:12:55,B区门禁,区域入侵,low,in_progress,检测到未授权访问事件,DOOR_003,9.0
2025-10-22 13:38:34,D区门禁,区域入侵,medium,resolved,检测到未授权访问事件,DOOR_019,29.0
2025-10-22 08:57:18,C区门禁,尾随进入,medium,in_progress,检测到区域入侵事件,DOOR_004,
2025-10-22 19:04:15,停车场门禁,尾随进入,medium,resolved,检测到区域入侵事件,DOOR_018,
2025-10-22 18:50:57,办公区门禁,门禁超时未关,critical,resolved,检测到刷卡失败事件,DOOR_009,24.0
2025-10-22 00:13:23,A区门禁,未授权访问,high,resolved,检测到未授权访问事件,DOOR_018,24.0
2025-10-22 12:29:53,机房门禁,门禁超时未关,high,open,检测到门禁超时未关事件,DOOR_013,12.0
2025-10-22 20:33:58,D区门禁,刷卡失败,low,resolved,检测到尾随进入事件,DOOR_003,
2025-10-22 03:18:56,C区门禁,未授权访问,medium,open,检测到尾随进入事件,DOOR_001,11.0
2025-10-22 13:27:32,A区门禁,强行开门,critical,in_progress,检测到未授权访问事件,DOOR_005,59.0
2025-10-22 10:25:53,A区门禁,未授权访问,critical,in_progress,检测到强行开门事件,DOOR_001,39.0
2025-10-22 08:36:19,D区门禁,尾随进入,critical,false_alarm,检测到门禁超时未关事件,DOOR_015,39.0
2025-10-22 08:05:40,停车场门禁,区域入侵,high,false_alarm,检测到区域入侵事件,DOOR_006,
2025-10-22 13:05:47,D区门禁,强行开门,medium,open,检测到区域入侵事件,DOOR_006,15.0
2025-10-22 05:17:24,D区门禁,刷卡失败,critical,in_progress,检测到区域入侵事件,DOOR_018,53.0
2025-10-21 19:04:07,D区门禁,刷卡失败,medium,resolved,检测到强行开门事件,DOOR_005,42.0
2025-10-21 22:09:02,C区门禁,区域入侵,critical,false_alarm,检测到区域入侵事件,DOOR_001,17.0
2025-10-21 11:26:09,办公区门禁,未授权访问,critical,open,检测到门禁超时未关事件,DOOR_003,50.0
2025-10-21 20:29:04,办公区门禁,强行开门,critical,open,检测到门禁超时未关事件,DOOR_005,57.0
2025-10-21 15:48:07,D区门禁,刷卡失败,low,false_alarm,检测到刷卡失败事件,DOOR_016,
2025-10-21 00:22:47,C区门禁,强行开门,low,resolved,检测到门禁超时未关事件,DOOR_003,13.0
2025-10-21 06:30:04,A区门禁,尾随进入,medium,false_alarm,检测到门禁超时未关事件,DOOR_002,2.0
2025-10-21 16:18:53,A区门禁,刷卡失败,high,resolved,检测到区域入侵事件,DOOR_008,
2025-10-21 10:48:44,机房门禁,强行开门,medium,false_alarm,检测到门禁超时未关事件,DOOR_013,9.0
2025-10-21 04:44:14,机房门禁,强行开门,critical,in_progress,检测到区域入侵事件,DOOR_009,
2025-10-21 06:34:37,D区门禁,门禁超时未关,high,false_alarm,检测到刷卡失败事件,DOOR_010,
2025-10-21 08:48:49,办公区门禁,未授权访问,high,open,检测到强行开门事件,DOOR_014,10.0
2025-10-21 06:12:19,办公区门禁,强行开门,medium,in_progress,检测到刷卡失败事件,DOOR_014,
2025-10-21 00:56:37,机房门禁,刷卡失败,low,resolved,检测到刷卡失败事件,DOOR_013,35.0
2025-10-21 01:48:41,D区门禁,区域入侵,low,open,检测到门禁超时未关事件,DOOR_017,
2025-10-21 06:28:28,A区门禁,强行开门,critical,false_alarm,检测到强行开门事件,DOOR_010,41.0
2025-10-21 12:37:09,机房门禁,未授权访问,medium,false_alarm,检测到刷卡失败事件,DOOR_002,22.0
2025-10-21 14:12:33,停车场门禁,刷卡失败,medium,false_alarm,检测到区域入侵事件,DOOR_005,27.0
2025-10-21 20:31:47,停车场门禁,区域入侵,high,open,检测到刷卡失败事件,DOOR_019,
2025-10-20 20:42:46,A区门禁,区域入侵,high,open,检测到强行开门事件,DOOR_001,3.0
2025-10-20 09:10:28,D区门禁,门禁超时未关,low,resolved,检测到未授权访问事件,DOOR_018,
2025-10-20 21:49:03,D区门禁,门禁超时未关,critical,false_alarm,检测到未授权访问事件,DOOR_014,58.0
2025-10-20 02:28:25,A区门禁,强行开门,high,resolved,检测到门禁超时未关事件,DOOR_019,1.0
2025-10-20 00:06:27,办公区门禁,未授权访问,medium,in_progress,检测到区域入侵事件,DOOR_018,56.0
2025-10-20 01:06:47,D区门禁,强行开门,high,in_progress,检测到区域入侵事件,DOOR_006,
2025-10-20 01:53:27,停车场门禁,强行开门,high,in_progress,检测到未授权访问事件,DOOR_003,22.0
2025-10-20 05:46:49,B区门禁,刷卡失败,critical,resolved,检测到尾随进入事件,DOOR_004,29.0
2025-10-20 18:58:03,D区门禁,区域入侵,low,resolved,检测到区域入侵事件,DOOR_004,
2025-10-20 03:23:01,D区门禁,强行开门,low,false_alarm,检测到刷卡失败事件,DOOR_017,49.0
2025-10-20 08:39:12,机房门禁,尾随进入,critical,resolved,检测到尾随进入事件,DOOR_010,11.0
2025-10-20 02:38:42,办公区门禁,尾随进入,low,resolved,检测到门禁超时未关事件,DOOR_015,14.0
2025-10-20 08:39:25,办公区门禁,未授权访问,medium,resolved,检测到区域入侵事件,DOOR_011,54.0
2025-10-20 12:53:56,B区门禁,强行开门,low,open,检测到尾随进入事件,DOOR_001,
2025-10-20 04:09:48,办公区门禁,尾随进入,low,false_alarm,检测到尾随进入事件,DOOR_012,
2025-10-20 06:51:33,B区门禁,区域入侵,high,false_alarm,检测到区域入侵事件,DOOR_010,32.0
2025-10-20 15:27:12,D区门禁,尾随进入,low,in_progress,检测到刷卡失败事件,DOOR_016,17.0
2025-10-20 15:24:08,A区门禁,强行开门,high,in_progress,检测到强行开门事件,DOOR_006,43.0
2025-10-20 12:07:15,B区门禁,未授权访问,low,resolved,检测到未授权访问事件,DOOR_005,38.0
2025-10-20 08:17:07,停车场门禁,尾随进入,high,false_alarm,检测到未授权访问事件,DOOR_004,42.0
2025-10-20 00:29:42,B区门禁,强行开门,critical,in_progress,检测到未授权访问事件,DOOR_007,
2025-10-20 03:15:09,D区门禁,门禁超时未关,critical,open,检测到刷卡失败事件,DOOR_003,20.0
2025-10-20 21:45:39,A区门禁,区域入侵,high,in_progress,检测到门禁超时未关事件,DOOR_009,26.0
2025-10-20 02:59:02,C区门禁,强行开门,critical,resolved,检测到未授权访问事件,DOOR_001,
2025-10-19 14:44:04,C区门禁,强行开门,critical,resolved,检测到未授权访问事件,DOOR_018,
2025-10-19 04:04:49,D区门禁,强行开门,critical,resolved,检测到门禁超时未关事件,DOOR_017,
2025-10-19 02:02:07,停车场门禁,门禁超时未关,medium,open,检测到尾随进入事件,DOOR_011,
2025-10-19 04:29:34,停车场门禁,刷卡失败,critical,resolved,检测到刷卡失败事件,DOOR_002,1.0
2025-10-19 03:43:04,停车场门禁,门禁超时未关,critical,in_progress,检测到尾随进入事件,DOOR_019,59.0
2025-10-19 20:41:09,C区门禁,区域入侵,high,open,检测到未授权访问事件,DOOR_019,3.0
2025-10-19 08:09:41,办公区门禁,刷卡失败,medium,in_progress,检测到刷卡失败事件,DOOR_013,
2025-10-19 11:35:26,停车场门禁,门禁超时未关,high,false_alarm,检测到强行开门事件,DOOR_010,19.0
2025-10-19 16:04:40,C区门禁,区域入侵,critical,in_progress,检测到刷卡失败事件,DOOR_011,38.0
2025-10-19 13:42:57,A区门禁,未授权访问,critical,open,检测到强行开门事件,DOOR_002,
2025-10-19 06:41:41,机房门禁,未授权访问,low,resolved,检测到刷卡失败事件,DOOR_014,
2025-10-18 08:51:26,A区门禁,门禁超时未关,low,in_progress,检测到尾随进入事件,DOOR_016,
2025-10-18 23:57:45,A区门禁,强行开门,high,resolved,检测到刷卡失败事件,DOOR_015,47.0
2025-10-18 16:38:42,B区门禁,强行开门,medium,resolved,检测到尾随进入事件,DOOR_015,60.0
2025-10-18 02:04:12,机房门禁,门禁超时未关,medium,false_alarm,检测到尾随进入事件,DOOR_007,
2025-10-18 23:56:13,B区门禁,尾随进入,medium,resolved,检测到强行开门事件,DOOR_014,
2025-10-18 17:31:27,C区门禁,刷卡失败,high,open,检测到门禁超时未关事件,DOOR_014,56.0
2025-10-18 16:37:23,机房门禁,门禁超时未关,medium,open,检测到门禁超时未关事件,DOOR_006,36.0
2025-10-18 15:03:00,机房门禁,未授权访问,medium,in_progress,检测到未授权访问事件,DOOR_016,23.0
2025-10-18 23:30:12,A区门禁,门禁超时未关,critical,false_alarm,检测到门禁超时未关事件,DOOR_010,43.0
2025-10-18 14:06:07,D区门禁,区域入侵,medium,false_alarm,检测到强行开门事件,DOOR_005,
2025-10-18 06:54:21,B区门禁,门禁超时未关,high,open,检测到尾随进入事件,DOOR_012,
2025-10-18 13:40:07,A区门禁,门禁超时未关,medium,resolved,检测到门禁超时未关事件,DOOR_020,
2025-10-18 23:56:33,D区门禁,未授权访问,critical,open,检测到刷卡失败事件,DOOR_007,14.0
2025-10-18 12:28:58,B区门禁,未授权访问,high,false_alarm,检测到门禁超时未关事件,DOOR_011,47.0
2025-10-18 03:04:46,D区门禁,强行开门,medium,false_alarm,检测到区域入侵事件,DOOR_008,
2025-10-18 23:30:17,C区门禁,强行开门,high,false_alarm,检测到强行开门事件,DOOR_007,45.0
2025-10-18 06:00:27,机房门禁,门禁超时未关,critical,in_progress,检测到未授权访问事件,DOOR_010,
2025-10-18 08:11:33,D区门禁,刷卡失败,medium,false_alarm,检测到门禁超时未关事件,DOOR_006,60.0
2025-10-18 11:29:52,停车场门禁,门禁超时未关,critical,false_alarm,检测到未授权访问事件,DOOR_018,
2025-10-18 04:17:11,A区门禁,刷卡失败,medium,resolved,检测到刷卡失败事件,DOOR_014,56.0
2025-10-18 01:00:44,C区门禁,门禁超时未关,high,false_alarm,检测到未授权访问事件,DOOR_012,
2025-10-18 16:30:41,停车场门禁,强行开门,high,false_alarm,检测到门禁超时未关事件,DOOR_001,5.0
2025-10-17 22:19:55,C区门禁,未授权访问,high,in_progress,检测到未授权访问事件,DOOR_007,14.0
2025-10-17 13:26:29,机房门禁,门禁超时未关,high,open,检测到门禁超时未关事件,DOOR_017,
2025-10-17 11:03:20,C区门禁,尾随进入,low,resolved,检测到强行开门事件,DOOR_010,47.0
2025-10-17 14:18:03,C区门禁,强行开门,critical,resolved,检测到强行开门事件,DOOR_002,3.0
2025-10-17 21:16:23,C区门禁,强行开门,low,resolved,检测到区域入侵事件,DOOR_015,20.0
2025-10-17 14:12:56,A区门禁,区域入侵,medium,open,检测到尾随进入事件,DOOR_006,
2025-10-17 07:39:42,机房门禁,刷卡失败,high,open,检测到尾随进入事件,DOOR_007,33.0
2025-10-17 22:26:15,D区门禁,门禁超时未关,high,in_progress,检测到门禁超时未关事件,DOOR_008,13.0
2025-10-17 19:23:26,机房门禁,强行开门,high,resolved,检测到区域入侵事件,DOOR_018,42.0
2025-10-17 15:48:10,停车场门禁,未授权访问,medium,in_progress,检测到区域入侵事件,DOOR_011,
2025-10-17 00:44:59,B区门禁,强行开门,high,false_alarm,检测到尾随进入事件,DOOR_015,31.0
2025-10-17 09:05:14,B区门禁,门禁超时未关,high,false_alarm,检测到刷卡失败事件,DOOR_016,
2025-10-17 19:28:38,B区门禁,尾随进入,high,in_progress,检测到强行开门事件,DOOR_014,60.0
2025-10-17 19:09:20,停车场门禁,强行开门,medium,open,检测到尾随进入事件,DOOR_018,1.0
2025-10-17 07:44:17,A区门禁,区域入侵,critical,open,检测到尾随进入事件,DOOR_004,18.0
2025-10-17 21:45:37,A区门禁,区域入侵,low,resolved,检测到门禁超时未关事件,DOOR_001,38.0
2025-10-17 19:12:56,办公区门禁,门禁超时未关,critical,in_progress,检测到尾随进入事件,DOOR_014,25.0
2025-10-17 09:57:55,A区门禁,强行开门,high,open,检测到刷卡失败事件,DOOR_005,10.0
2025-10-17 08:56:48,办公区门禁,强行开门,low,false_alarm,检测到门禁超时未关事件,DOOR_014,34.0
2025-10-17 12:47:17,C区门禁,尾随进入,high,false_alarm,检测到强行开门事件,DOOR_012,52.0
2025-10-16 16:11:22,办公区门禁,未授权访问,low,in_progress,检测到强行开门事件,DOOR_005,42.0
2025-10-16 08:57:52,C区门禁,尾随进入,critical,in_progress,检测到强行开门事件,DOOR_016,13.0
2025-10-16 18:29:38,D区门禁,未授权访问,low,open,检测到区域入侵事件,DOOR_016,16.0
2025-10-16 16:49:11,B区门禁,强行开门,low,in_progress,检测到未授权访问事件,DOOR_018,3.0
2025-10-16 16:59:50,机房门禁,未授权访问,high,resolved,检测到强行开门事件,DOOR_017,38.0
2025-10-16 19:04:05,B区门禁,未授权访问,critical,open,检测到刷卡失败事件,DOOR_017,4.0
2025-10-16 07:47:47,C区门禁,区域入侵,high,in_progress,检测到门禁超时未关事件,DOOR_009,
2025-10-16 12:17:41,停车场门禁,未授权访问,low,false_alarm,检测到尾随进入事件,DOOR_007,32.0
2025-10-16 07:40:09,D区门禁,区域入侵,critical,in_progress,检测到门禁超时未关事件,DOOR_002,25.0
2025-10-16 23:59:09,D区门禁,尾随进入,low,in_progress,检测到尾随进入事件,DOOR_015,26.0
2025-10-16 02:37:06,办公区门禁,门禁超时未关,high,resolved,检测到尾随进入事件,DOOR_005,25.0
2025-10-16 01:07:03,D区门禁,尾随进入,high,open,检测到门禁超时未关事件,DOOR_017,4.0
2025-10-16 02:40:04,D区门禁,未授权访问,high,in_progress,检测到未授权访问事件,DOOR_018,
2025-10-16 08:17:41,B区门禁,区域入侵,high,in_progress,检测到强行开门事件,DOOR_002,23.0
2025-10-16 10:25:17,B区门禁,门禁超时未关,critical,false_alarm,检测到尾随进入事件,DOOR_004,51.0
2025-10-16 14:57:18,D区门禁,区域入侵,low,in_progress,检测到尾随进入事件,DOOR_015,37.0
2025-10-15 06:48:39,C区门禁,强行开门,medium,in_progress,检测到强行开门事件,DOOR_012,29.0
2025-10-15 19:48:46,办公区门禁,刷卡失败,medium,in_progress,检测到门禁超时未关事件,DOOR_015,58.0
2025-10-15 12:46:00,办公区门禁,未授权访问,medium,false_alarm,检测到强行开门事件,DOOR_002,39.0
2025-10-15 20:13:29,B区门禁,区域入侵,critical,open,检测到未授权访问事件,DOOR_012,
2025-10-15 14:17:39,D区门禁,未授权访问,medium,false_alarm,检测到未授权访问事件,DOOR_006,
2025-10-15 00:47:17,B区门禁,刷卡失败,low,open,检测到门禁超时未关事件,DOOR_004,29.0
2025-10-15 01:49:42,办公区门禁,尾随进入,medium,false_alarm,检测到门禁超时未关事件,DOOR_017,50.0
2025-10-15 07:31:39,机房门禁,强行开门,high,false_alarm,检测到门禁超时未关事件,DOOR_002,
2025-10-15 02:46:31,D区门禁,门禁超时未关,critical,resolved,检测到门禁超时未关事件,DOOR_001,29.0
2025-10-15 23:57:50,机房门禁,门禁超时未关,high,in_progress,检测到强行开门事件,DOOR_008,
2025-10-15 21:52:43,D区门禁,强行开门,low,resolved,检测到区域入侵事件,DOOR_012,16.0
2025-10-15 12:39:27,D区门禁,未授权访问,critical,in_progress,检测到未授权访问事件,DOOR_007,6.0
2025-10-15 13:05:35,机房门禁,门禁超时未关,medium,in_progress,检测到区域入侵事件,DOOR_010,16.0
2025-10-15 02:29:50,B区门禁,强行开门,low,false_alarm,检测到刷卡失败事件,DOOR_017,
2025-10-15 01:13:30,机房门禁,尾随进入,critical,false_alarm,检测到尾随进入事件,DOOR_008,46.0
2025-10-15 22:44:15,B区门禁,尾随进入,medium,in_progress,检测到尾随进入事件,DOOR_019,42.0
2025-10-15 19:56:40,B区门禁,尾随进入,critical,resolved,检测到未授权访问事件,DOOR_018,10.0
2025-10-15 03:53:30,停车场门禁,门禁超时未关,medium,open,检测到未授权访问事件,DOOR_016,
2025-10-15 10:42:01,B区门禁,门禁超时未关,high,in_progress,检测到区域入侵事件,DOOR_003,
2025-10-15 15:49:00,办公区门禁,尾随进入,low,false_alarm,检测到门禁超时未关事件,DOOR_014,46.0
2025-10-15 16:41:22,停车场门禁,未授权访问,low,false_alarm,检测到刷卡失败事件,DOOR_002,31.0
2025-10-15 23:16:53,C区门禁,门禁超时未关,high,resolved,检测到尾随进入事件,DOOR_013,
2025-10-15 18:47:59,停车场门禁,区域入侵,low,open,检测到刷卡失败事件,DOOR_017,46.0
2025-10-14 09:14:15,停车场门禁,未授权访问,medium,resolved,检测到区域入侵事件,DOOR_019,41.0
2025-10-14 12:58:47,机房门禁,未授权访问,low,in_progress,检测到强行开门事件,DOOR_006,8.0
2025-10-14 07:10:24,B区门禁,未授权访问,low,open,检测到强行开门事件,DOOR_006,
2025-10-14 22:19:38,机房门禁,未授权访问,low,false_alarm,检测到未授权访问事件,DOOR_010,29.0
2025-10-14 07:59:55,机房门禁,未授权访问,low,open,检测到门禁超时未关事件,DOOR_007,
2025-10-14 21:36:32,C区门禁,门禁超时未关,medium,resolved,检测到尾随进入事件,DOOR_014,18.0
2025-10-14 05:12:10,A区门禁,区域入侵,low,in_progress,检测到未授权访问事件,DOOR_008,36.0
2025-10-14 21:56:04,机房门禁,强行开门,medium,false_alarm,检测到强行开门事件,DOOR_001,35.0
2025-10-14 11:00:51,D区门禁,区域入侵,high,open,检测到尾随进入事件,DOOR_007,59.0
2025-10-14 16:43:53,停车场门禁,尾随进入,low,in_progress,检测到未授权访问事件,DOOR_001,
2025-10-14 10:16:29,B区门禁,尾随进入,high,in_progress,检测到区域入侵事件,DOOR_003,53.0
2025-10-14 19:03:44,A区门禁,未授权访问,low,false_alarm,检测到未授权访问事件,DOOR_013,1.0
2025-10-14 14:42:37,B区门禁,门禁超时未关,medium,in_progress,检测到刷卡失败事件,DOOR_009,
2025-10-14 05:38:12,D区门禁,刷卡失败,high,resolved,检测到尾随进入事件,DOOR_015,
2025-10-14 20:59:01,D区门禁,门禁超时未关,high,resolved,检测到强行开门事件,DOOR_009,26.0
2025-10-14 07:04:05,A区门禁,强行开门,low,in_progress,检测到刷卡失败事件,DOOR_014,43.0
2025-10-14 08:15:23,A区门禁,尾随进入,low,false_alarm,检测到区域入侵事件,DOOR_002,20.0
2025-10-14 15:03:08,A区门禁,门禁超时未关,medium,resolved,检测到强行开门事件,DOOR_017,
2025-10-14 02:06:42,C区门禁,未授权访问,critical,in_progress,检测到刷卡失败事件,DOOR_008,20.0
2025-10-14 14:49:10,C区门禁,区域入侵,low,false_alarm,检测到刷卡失败事件,DOOR_013,26.0
2025-10-14 12:44:44,D区门禁,门禁超时未关,medium,in_progress,检测到尾随进入事件,DOOR_010,23.0
2025-10-14 07:29:45,停车场门禁,区域入侵,critical,false_alarm,检测到刷卡失败事件,DOOR_006,
2025-10-13 11:40:23,办公区门禁,尾随进入,critical,false_alarm,检测到未授权访问事件,DOOR_012,
2025-10-13 14:16:49,办公区门禁,区域入侵,high,resolved,检测到强行开门事件,DOOR_019,
2025-10-13 01:09:30,D区门禁,刷卡失败,low,resolved,检测到区域入侵事件,DOOR_017,
2025-10-13 22:24:57,办公区门禁,未授权访问,high,false_alarm,检测到门禁超时未关事件,DOOR_010,
2025-10-13 00:32:04,C区门禁,刷卡失败,critical,resolved,检测到区域入侵事件,DOOR_004,41.0
2025-10-13 10:49:51,停车场门禁,强行开门,low,in_progress,检测到尾随进入事件,DOOR_016,58.0
2025-10-13 00:53:47,D区门禁,刷卡失败,medium,resolved,检测到刷卡失败事件,DOOR_006,56.0
2025-10-13 14:34:06,机房门禁,强行开门,low,in_progress,检测到未授权访问事件,DOOR_010,3.0
2025-10-13 02:18:00,办公区门禁,强行开门,medium,in_progress,检测到强行开门事件,DOOR_012,31.0
2025-10-13 07:35:30,D区门禁,刷卡失败,low,in_progress,检测到未授权访问事件,DOOR_017,57.0
2025-10-13 18:49:14,C区门禁,尾随进入,critical,false_alarm,检测到区域入侵事件,DOOR_015,40.0
2025-10-13 14:17:31,B区门禁,未授权访问,high,open,检测到刷卡失败事件,DOOR_019,10.0
2025-10-13 18:25:05,停车场门禁,强行开门,high,resolved,检测到强行开门事件,DOOR_016,
2025-10-13 10:19:26,停车场门禁,门禁超时未关,low,false_alarm,检测到未授权访问事件,DOOR_007,21.0
2025-10-13 00:45:04,D区门禁,强行开门,high,open,检测到门禁超时未关事件,DOOR_002,
2025-10-13 09:52:41,C区门禁,尾随进入,low,in_progress,检测到区域入侵事件,DOOR_003,25.0
2025-10-13 06:22:09,停车场门禁,尾随进入,critical,in_progress,检测到尾随进入事件,DOOR_018,43.0
2025-10-13 18:07:53,A区门禁,区域入侵,medium,open,检测到门禁超时未关事件,DOOR_011,55.0
2025-10-13 18:38:00,停车场门禁,门禁超时未关,high,false_alarm,检测到刷卡失败事件,DOOR_018,21.0
2025-10-13 15:53:05,停车场门禁,尾随进入,high,open,检测到强行开门事件,DOOR_008,
2025-10-13 12:25:30,A区门禁,门禁超时未关,critical,resolved,检测到刷卡失败事件,DOOR_017,
2025-10-13 05:58:37,机房门禁,门禁超时未关,medium,in_progress,检测到尾随进入事件,DOOR_017,55.0
2025-10-13 01:11:46,办公区门禁,未授权访问,medium,false_alarm,检测到区域入侵事件,DOOR_010,60.0
2025-10-13 19:37:43,办公区门禁,区域入侵,medium,false_alarm,检测到门禁超时未关事件,DOOR_018,33.0
2025-10-13 00:10:34,办公区门禁,刷卡失败,high,resolved,检测到刷卡失败事件,DOOR_019,
2025-10-12 00:34:06,B区门禁,未授权访问,high,false_alarm,检测到尾随进入事件,DOOR_002,21.0
2025-10-12 01:02:37,B区门禁,区域入侵,high,open,检测到强行开门事件,DOOR_011,42.0
2025-10-12 10:01:14,B区门禁,门禁超时未关,high,open,检测到区域入侵事件,DOOR_003,60.0
2025-10-12 03:08:11,停车场门禁,门禁超时未关,critical,false_alarm,检测到区域入侵事件,DOOR_020,14.0
2025-10-12 22:29:52,机房门禁,门禁超时未关,low,in_progress,检测到强行开门事件,DOOR_005,39.0
2025-10-12 19:47:25,D区门禁,尾随进入,high,open,检测到区域入侵事件,DOOR_012,
2025-10-12 17:05:28,A区门禁,门禁超时未关,high,false_alarm,检测到刷卡失败事件,DOOR_007,
2025-10-12 10:04:30,机房门禁,强行开门,critical,false_alarm,检测到尾随进入事件,DOOR_018,12.0
2025-10-12 21:39:17,办公区门禁,尾随进入,low,open,检测到刷卡失败事件,DOOR_012,47.0
2025-10-12 21:11:18,机房门禁,区域入侵,critical,false_alarm,检测到区域入侵事件,DOOR_012,7.0
2025-10-12 05:03:42,机房门禁,区域入侵,critical,open,检测到尾随进入事件,DOOR_015,22.0
2025-10-12 12:34:00,D区门禁,尾随进入,low,in_progress,检测到尾随进入事件,DOOR_007,26.0
2025-10-12 07:47:20,办公区门禁,强行开门,medium,false_alarm,检测到强行开门事件,DOOR_007,59.0
2025-10-12 02:20:00,机房门禁,尾随进入,medium,open,检测到未授权访问事件,DOOR_006,
2025-10-12 03:36:40,办公区门禁,刷卡失败,medium,false_alarm,检测到未授权访问事件,DOOR_015,47.0
2025-10-12 12:31:26,机房门禁,强行开门,low,in_progress,检测到尾随进入事件,DOOR_017,27.0
2025-10-12 13:23:57,A区门禁,未授权访问,high,open,检测到刷卡失败事件,DOOR_014,57.0
2025-10-12 14:30:45,B区门禁,尾随进入,high,false_alarm,检测到区域入侵事件,DOOR_002,
2025-10-12 07:40:01,办公区门禁,门禁超时未关,critical,false_alarm,检测到强行开门事件,DOOR_014,8.0
2025-10-11 09:30:50,办公区门禁,强行开门,high,in_progress,检测到未授权访问事件,DOOR_012,
2025-10-11 19:56:42,B区门禁,未授权访问,medium,open,检测到门禁超时未关事件,DOOR_018,
2025-10-11 00:49:08,停车场门禁,刷卡失败,medium,open,检测到区域入侵事件,DOOR_008,
2025-10-11 11:57:22,C区门禁,门禁超时未关,medium,false_alarm,检测到强行开门事件,DOOR_002,2.0
2025-10-11 03:20:54,办公区门禁,未授权访问,critical,false_alarm,检测到强行开门事件,DOOR_003,3.0
2025-10-11 15:22:52,B区门禁,强行开门,critical,open,检测到未授权访问事件,DOOR_014,32.0
2025-10-11 08:03:11,D区门禁,门禁超时未关,medium,false_alarm,检测到刷卡失败事件,DOOR_006,
2025-10-11 09:29:39,办公区门禁,未授权访问,high,in_progress,检测到尾随进入事件,DOOR_009,47.0
2025-10-11 15:31:38,办公区门禁,区域入侵,medium,false_alarm,检测到尾随进入事件,DOOR_007,
2025-10-11 05:19:28,B区门禁,区域入侵,low,resolved,检测到强行开门事件,DOOR_012,
2025-10-11 02:20:05,停车场门禁,尾随进入,critical,open,检测到强行开门事件,DOOR_009,25.0
2025-10-11 05:46:39,办公区门禁,区域入侵,critical,false_alarm,检测到区域入侵事件,DOOR_019,
2025-10-11 14:27:59,A区门禁,未授权访问,high,open,检测到门禁超时未关事件,DOOR_003,27.0
2025-10-11 08:13:18,D区门禁,刷卡失败,low,false_alarm,检测到强行开门事件,DOOR_017,55.0
2025-10-11 13:21:12,B区门禁,刷卡失败,critical,open,检测到刷卡失败事件,DOOR_002,
2025-10-11 15:57:17,C区门禁,尾随进入,critical,false_alarm,检测到未授权访问事件,DOOR_013,16.0
2025-10-11 14:00:32,停车场门禁,区域入侵,high,in_progress,检测到未授权访问事件,DOOR_002,28.0
2025-10-11 23:16:01,机房门禁,门禁超时未关,low,in_progress,检测到区域入侵事件,DOOR_014,15.0
2025-10-11 20:26:07,办公区门禁,未授权访问,low,false_alarm,检测到门禁超时未关事件,DOOR_019,12.0
2025-10-11 12:38:30,机房门禁,未授权访问,critical,false_alarm,检测到区域入侵事件,DOOR_013,25.0
2025-10-11 23:17:28,D区门禁,未授权访问,critical,in_progress,检测到门禁超时未关事件,DOOR_014,51.0
2025-10-11 14:58:41,B区门禁,尾随进入,low,open,检测到尾随进入事件,DOOR_013,58.0
2025-10-11 21:32:36,A区门禁,尾随进入,medium,open,检测到尾随进入事件,DOOR_003,28.0
2025-10-11 22:10:41,C区门禁,强行开门,high,false_alarm,检测到尾随进入事件,DOOR_001,
2025-10-10 20:18:06,停车场门禁,未授权访问,critical,in_progress,检测到强行开门事件,DOOR_001,
2025-10-10 06:34:17,A区门禁,区域入侵,medium,false_alarm,检测到未授权访问事件,DOOR_002,8.0
2025-10-10 20:03:03,A区门禁,区域入侵,low,open,检测到未授权访问事件,DOOR_005,55.0
2025-10-10 12:41:02,B区门禁,区域入侵,critical,open,检测到刷卡失败事件,DOOR_001,
2025-10-10 16:29:11,B区门禁,门禁超时未关,critical,false_alarm,检测到区域入侵事件,DOOR_014,45.0
2025-10-10 05:16:05,机房门禁,强行开门,medium,false_alarm,检测到门禁超时未关事件,DOOR_020,56.0
2025-10-10 22:45:36,办公区门禁,未授权访问,medium,open,检测到刷卡失败事件,DOOR_002,39.0
2025-10-10 15:49:09,A区门禁,刷卡失败,critical,resolved,检测到强行开门事件,DOOR_017,26.0
2025-10-10 11:49:45,D区门禁,未授权访问,medium,in_progress,检测到门禁超时未关事件,DOOR_016,33.0
2025-10-10 19:41:10,B区门禁,门禁超时未关,critical,resolved,检测到强行开门事件,DOOR_003,
2025-10-10 01:27:07,A区门禁,门禁超时未关,critical,in_progress,检测到尾随进入事件,DOOR_001,36.0
2025-10-10 10:06:37,D区门禁,门禁超时未关,low,resolved,检测到门禁超时未关事件,DOOR_003,
2025-10-10 13:55:46,D区门禁,区域入侵,low,open,检测到未授权访问事件,DOOR_014,12.0
2025-10-10 03:45:16,B区门禁,区域入侵,high,open,检测到强行开门事件,DOOR_013,
2025-10-10 17:00:50,办公区门禁,未授权访问,medium,open,检测到未授权访问事件,DOOR_018,33.0
2025-10-10 13:12:45,A区门禁,未授权访问,critical,false_alarm,检测到区域入侵事件,DOOR_019,19.0
2025-10-10 22:54:59,D区门禁,门禁超时未关,low,open,检测到门禁超时未关事件,DOOR_004,
2025-10-10 06:59:00,办公区门禁,强行开门,critical,in_progress,检测到刷卡失败事件,DOOR_012,
2025-10-10 19:38:18,B区门禁,尾随进入,high,false_alarm,检测到尾随进入事件,DOOR_008,2.0
2025-10-10 00:21:47,B区门禁,门禁超时未关,critical,resolved,检测到未授权访问事件,DOOR_016,
2025-10-09 10:29:07,机房门禁,未授权访问,low,in_progress,检测到强行开门事件,DOOR_008,
2025-10-09 08:27:13,停车场门禁,强行开门,high,open,检测到门禁超时未关事件,DOOR_004,40.0
2025-10-09 01:59:49,机房门禁,刷卡失败,low,open,检测到尾随进入事件,DOOR_012,
2025-10-09 14:35:19,D区门禁,门禁超时未关,low,open,检测到门禁超时未关事件,DOOR_005,
2025-10-09 05:12:55,B区门禁,区域入侵,low,open,检测到刷卡失败事件,DOOR_017,19.0
2025-10-09 18:09:31,A区门禁,区域入侵,critical,false_alarm,检测到门禁超时未关事件,DOOR_018,3.0
2025-10-09 06:38:02,办公区门禁,门禁超时未关,low,open,检测到强行开门事件,DOOR_009,
2025-10-09 07:15:07,停车场门禁,区域入侵,critical,false_alarm,检测到区域入侵事件,DOOR_020,52.0
2025-10-09 21:00:27,B区门禁,未授权访问,critical,in_progress,检测到刷卡失败事件,DOOR_006,30.0
2025-10-09 16:51:17,A区门禁,区域入侵,critical,in_progress,检测到未授权访问事件,DOOR_010,32.0
2025-10-09 11:48:41,机房门禁,门禁超时未关,high,in_progress,检测到区域入侵事件,DOOR_014,
2025-10-09 01:05:32,C区门禁,门禁超时未关,critical,in_progress,检测到区域入侵事件,DOOR_003,25.0
2025-10-09 09:00:10,D区门禁,尾随进入,high,open,检测到区域入侵事件,DOOR_008,8.0
2025-10-09 01:58:46,B区门禁,尾随进入,medium,resolved,检测到强行开门事件,DOOR_007,34.0
2025-10-09 17:32:31,机房门禁,尾随进入,critical,in_progress,检测到强行开门事件,DOOR_017,
2025-10-09 18:08:52,A区门禁,门禁超时未关,low,in_progress,检测到刷卡失败事件,DOOR_005,20.0
2025-10-08 01:53:02,A区门禁,尾随进入,high,resolved,检测到区域入侵事件,DOOR_020,51.0
2025-10-08 11:26:12,D区门禁,未授权访问,critical,false_alarm,检测到区域入侵事件,DOOR_014,20.0
2025-10-08 03:50:44,C区门禁,强行开门,medium,false_alarm,检测到刷卡失败事件,DOOR_009,32.0
2025-10-08 18:41:16,B区门禁,刷卡失败,high,open,检测到区域入侵事件,DOOR_007,
2025-10-08 17:33:16,停车场门禁,区域入侵,critical,in_progress,检测到区域入侵事件,DOOR_019,
2025-10-08 09:03:38,停车场门禁,区域入侵,low,resolved,检测到尾随进入事件,DOOR_005,44.0
2025-10-08 13:21:48,办公区门禁,尾随进入,high,false_alarm,检测到尾随进入事件,DOOR_013,1.0
2025-10-08 01:13:02,办公区门禁,未授权访问,high,false_alarm,检测到区域入侵事件,DOOR_014,
2025-10-08 23:19:49,A区门禁,强行开门,medium,false_alarm,检测到尾随进入事件,DOOR_008,36.0
2025-10-08 21:39:25,B区门禁,未授权访问,critical,false_alarm,检测到未授权访问事件,DOOR_006,
2025-10-08 11:44:03,办公区门禁,刷卡失败,low,resolved,检测到区域入侵事件,DOOR_015,6.0
2025-10-08 16:24:00,机房门禁,尾随进入,medium,false_alarm,检测到尾随进入事件,DOOR_002,54.0
2025-10-08 04:44:42,A区门禁,区域入侵,low,open,检测到强行开门事件,DOOR_013,9.0
2025-10-08 13:28:39,A区门禁,强行开门,high,resolved,检测到门禁超时未关事件,DOOR_001,56.0
2025-10-08 09:36:14,B区门禁,强行开门,medium,open,检测到强行开门事件,DOOR_016,
2025-10-08 00:11:48,机房门禁,强行开门,high,resolved,检测到区域入侵事件,DOOR_019,9.0
2025-10-08 20:25:59,停车场门禁,强行开门,medium,false_alarm,检测到区域入侵事件,DOOR_016,47.0
2025-10-08 03:51:31,D区门禁,区域入侵,low,resolved,检测到尾随进入事件,DOOR_004,
2025-10-08 09:26:54,B区门禁,刷卡失败,low,resolved,检测到门禁超时未关事件,DOOR_014,37.0
2025-10-08 12:10:04,C区门禁,强行开门,low,open,检测到区域入侵事件,DOOR_011,25.0
2025-10-08 22:29:34,机房门禁,强行开门,critical,false_alarm,检测到刷卡失败事件,DOOR_020,29.0
2025-10-07 09:07:45,机房门禁,强行开门,critical,false_alarm,检测到尾随进入事件,DOOR_001,48.0
2025-10-07 09:38:32,A区门禁,强行开门,high,open,检测到区域入侵事件,DOOR_002,
2025-10-07 00:29:03,A区门禁,未授权访问,high,false_alarm,检测到未授权访问事件,DOOR_006,
2025-10-07 22:07:26,停车场门禁,门禁超时未关,critical,open,检测到尾随进入事件,DOOR_007,
2025-10-07 13:11:47,办公区门禁,刷卡失败,critical,resolved,检测到刷卡失败事件,DOOR_018,41.0
2025-10-07 22:42:52,C区门禁,强行开门,high,open,检测到门禁超时未关事件,DOOR_014,22.0
2025-10-07 02:17:34,C区门禁,门禁超时未关,critical,in_progress,检测到门禁超时未关事件,DOOR_006,
2025-10-07 04:32:18,A区门禁,门禁超时未关,high,resolved,检测到门禁超时未关事件,DOOR_005,34.0
2025-10-07 12:31:19,机房门禁,尾随进入,critical,open,检测到区域入侵事件,DOOR_012,
2025-10-07 10:00:29,B区门禁,门禁超时未关,high,in_progress,检测到门禁超时未关事件,DOOR_020,
2025-10-07 16:11:55,B区门禁,强行开门,medium,false_alarm,检测到尾随进入事件,DOOR_020,30.0
2025-10-07 00:31:17,机房门禁,未授权访问,critical,false_alarm,检测到刷卡失败事件,DOOR_007,10.0
2025-10-07 19:10:17,D区门禁,门禁超时未关,high,open,检测到未授权访问事件,DOOR_015,25.0
2025-10-07 15:16:48,B区门禁,尾随进入,high,false_alarm,检测到未授权访问事件,DOOR_020,
2025-10-07 18:49:31,停车场门禁,强行开门,critical,false_alarm,检测到区域入侵事件,DOOR_005,40.0
2025-10-07 20:12:52,C区门禁,强行开门,high,resolved,检测到门禁超时未关事件,DOOR_006,47.0
2025-10-07 03:53:42,C区门禁,区域入侵,high,false_alarm,检测到未授权访问事件,DOOR_008,21.0
2025-10-07 19:07:49,D区门禁,未授权访问,low,open,检测到尾随进入事件,DOOR_016,5.0
2025-10-07 18:03:43,B区门禁,门禁超时未关,low,false_alarm,检测到强行开门事件,DOOR_003,
2025-10-07 03:25:29,C区门禁,门禁超时未关,low,in_progress,检测到强行开门事件,DOOR_009,53.0
2025-10-07 14:45:50,C区门禁,门禁超时未关,critical,resolved,检测到刷卡失败事件,DOOR_015,49.0
2025-10-07 17:04:01,机房门禁,尾随进入,medium,in_progress,检测到强行开门事件,DOOR_005,41.0
2025-10-07 21:20:18,停车场门禁,刷卡失败,critical,in_progress,检测到区域入侵事件,DOOR_011,
2025-10-07 03:45:22,B区门禁,未授权访问,low,in_progress,检测到强行开门事件,DOOR_006,48.0
2025-10-07 05:34:23,办公区门禁,尾随进入,high,false_alarm,检测到门禁超时未关事件,DOOR_013,25.0
2025-10-07 16:57:39,办公区门禁,区域入侵,critical,open,检测到门禁超时未关事件,DOOR_009,6.0
2025-10-07 19:16:08,A区门禁,尾随进入,critical,resolved,检测到未授权访问事件,DOOR_008,51.0
2025-10-07 09:13:26,B区门禁,刷卡失败,high,in_progress,检测到刷卡失败事件,DOOR_014,52.0
2025-10-07 11:28:03,B区门禁,强行开门,high,resolved,检测到尾随进入事件,DOOR_005,
2025-10-06 16:24:58,办公区门禁,区域入侵,low,open,检测到尾随进入事件,DOOR_007,49.0
2025-10-06 06:11:27,机房门禁,刷卡失败,high,open,检测到强行开门事件,DOOR_011,53.0
2025-10-06 13:32:18,办公区门禁,刷卡失败,critical,in_progress,检测到区域入侵事件,DOOR_016,15.0
2025-10-06 20:28:49,停车场门禁,未授权访问,medium,false_alarm,检测到门禁超时未关事件,DOOR_016,12.0
2025-10-06 12:53:42,B区门禁,未授权访问,critical,false_alarm,检测到未授权访问事件,DOOR_012,
2025-10-06 22:37:27,停车场门禁,区域入侵,critical,false_alarm,检测到门禁超时未关事件,DOOR_009,
2025-10-06 10:32:50,B区门禁,强行开门,critical,resolved,检测到尾随进入事件,DOOR_004,7.0
2025-10-06 11:24:42,D区门禁,尾随进入,high,in_progress,检测到尾随进入事件,DOOR_010,58.0
2025-10-06 08:48:30,办公区门禁,未授权访问,low,false_alarm,检测到门禁超时未关事件,DOOR_003,
2025-10-06 16:04:53,D区门禁,强行开门,high,false_alarm,检测到强行开门事件,DOOR_004,
2025-10-06 05:22:16,办公区门禁,区域入侵,critical,false_alarm,检测到强行开门事件,DOOR_002,
2025-10-06 18:10:00,A区门禁,区域入侵,low,open,检测到刷卡失败事件,DOOR_003,35.0
2025-10-06 04:01:34,D区门禁,尾随进入,critical,in_progress,检测到未授权访问事件,DOOR_013,
2025-10-06 06:13:51,D区门禁,区域入侵,medium,open,检测到刷卡失败事件,DOOR_010,30.0
2025-10-06 22:00:27,停车场门禁,强行开门,low,false_alarm,检测到刷卡失败事件,DOOR_013,48.0
2025-10-06 01:50:54,B区门禁,尾随进入,critical,open,检测到强行开门事件,DOOR_008,58.0
2025-10-06 20:26:30,C区门禁,门禁超时未关,high,resolved,检测到未授权访问事件,DOOR_006,14.0
2025-10-06 12:46:32,机房门禁,尾随进入,critical,resolved,检测到门禁超时未关事件,DOOR_018,29.0
2025-10-06 12:58:39,C区门禁,尾随进入,critical,resolved,检测到未授权访问事件,DOOR_020,31.0
2025-10-06 22:45:48,B区门禁,门禁超时未关,medium,resolved,检测到尾随进入事件,DOOR_002,
2025-10-06 21:21:58,A区门禁,未授权访问,critical,in_progress,检测到刷卡失败事件,DOOR_001,
2025-10-06 20:34:52,B区门禁,门禁超时未关,medium,in_progress,检测到强行开门事件,DOOR_011,
2025-10-05 17:21:30,D区门禁,尾随进入,high,open,检测到区域入侵事件,DOOR_006,
2025-10-05 16:43:52,D区门禁,尾随进入,critical,open,检测到门禁超时未关事件,DOOR_003,32.0
2025-10-05 17:10:46,机房门禁,门禁超时未关,critical,resolved,检测到强行开门事件,DOOR_015,57.0
2025-10-05 06:51:50,停车场门禁,区域入侵,high,in_progress,检测到尾随进入事件,DOOR_017,
2025-10-05 22:03:47,A区门禁,未授权访问,medium,false_alarm,检测到尾随进入事件,DOOR_007,
2025-10-05 11:54:25,D区门禁,强行开门,low,open,检测到刷卡失败事件,DOOR_011,54.0
2025-10-05 22:27:35,停车场门禁,门禁超时未关,low,open,检测到尾随进入事件,DOOR_012,36.0
2025-10-05 01:00:18,D区门禁,刷卡失败,high,open,检测到刷卡失败事件,DOOR_011,30.0
2025-10-05 19:38:01,办公区门禁,刷卡失败,medium,false_alarm,检测到刷卡失败事件,DOOR_019,31.0
2025-10-05 18:45:03,办公区门禁,尾随进入,critical,resolved,检测到强行开门事件,DOOR_014,14.0
2025-10-05 14:59:09,C区门禁,门禁超时未关,low,resolved,检测到未授权访问事件,DOOR_003,8.0
2025-10-05 23:13:50,D区门禁,尾随进入,low,open,检测到尾随进入事件,DOOR_015,48.0
2025-10-05 08:07:58,停车场门禁,尾随进入,high,resolved,检测到未授权访问事件,DOOR_016,
2025-10-05 00:53:58,C区门禁,刷卡失败,low,false_alarm,检测到未授权访问事件,DOOR_004,10.0
2025-10-05 00:59:39,A区门禁,未授权访问,high,in_progress,检测到强行开门事件,DOOR_015,7.0
2025-10-05 03:21:18,办公区门禁,尾随进入,low,in_progress,检测到未授权访问事件,DOOR_007,13.0
2025-10-05 06:56:24,停车场门禁,区域入侵,critical,open,检测到未授权访问事件,DOOR_017,
2025-10-05 10:38:20,办公区门禁,强行开门,critical,false_alarm,检测到未授权访问事件,DOOR_012,
2025-10-05 09:07:29,C区门禁,刷卡失败,critical,false_alarm,检测到门禁超时未关事件,DOOR_015,35.0
2025-10-05 08:35:12,办公区门禁,刷卡失败,low,false_alarm,检测到尾随进入事件,DOOR_002,5.0
2025-10-05 17:39:46,办公区门禁,区域入侵,critical,false_alarm,检测到刷卡失败事件,DOOR_020,53.0
2025-10-05 13:18:07,C区门禁,刷卡失败,medium,in_progress,检测到门禁超时未关事件,DOOR_013,
2025-10-05 17:26:10,C区门禁,区域入侵,low,in_progress,检测到门禁超时未关事件,DOOR_003,3.0
2025-10-05 16:54:16,办公区门禁,门禁超时未关,high,open,检测到门禁超时未关事件,DOOR_011,1.0
2025-10-05 03:46:14,机房门禁,强行开门,low,false_alarm,检测到区域入侵事件,DOOR_008,44.0
2025-10-05 04:58:17,C区门禁,区域入侵,medium,false_alarm,检测到强行开门事件,DOOR_019,60.0
2025-10-04 23:01:56,A区门禁,未授权访问,low,false_alarm,检测到尾随进入事件,DOOR_005,24.0
2025-10-04 05:37:35,D区门禁,门禁超时未关,low,resolved,检测到门禁超时未关事件,DOOR_009,19.0
2025-10-04 06:10:49,D区门禁,门禁超时未关,critical,resolved,检测到门禁超时未关事件,DOOR_019,50.0
2025-10-04 23:40:51,C区门禁,门禁超时未关,low,false_alarm,检测到刷卡失败事件,DOOR_006,23.0
2025-10-04 20:42:12,机房门禁,门禁超时未关,medium,open,检测到强行开门事件,DOOR_011,
2025-10-04 05:00:18,B区门禁,强行开门,medium,false_alarm,检测到强行开门事件,DOOR_015,37.0
2025-10-04 21:35:55,B区门禁,强行开门,critical,resolved,检测到强行开门事件,DOOR_019,33.0
2025-10-04 21:33:20,B区门禁,区域入侵,medium,resolved,检测到区域入侵事件,DOOR_004,51.0
2025-10-04 07:55:27,D区门禁,强行开门,critical,open,检测到尾随进入事件,DOOR_004,25.0
2025-10-04 17:56:32,机房门禁,区域入侵,medium,in_progress,检测到区域入侵事件,DOOR_007,56.0
2025-10-03 12:02:31,机房门禁,强行开门,low,resolved,检测到刷卡失败事件,DOOR_007,30.0
2025-10-03 06:42:49,停车场门禁,区域入侵,high,false_alarm,检测到强行开门事件,DOOR_006,6.0
2025-10-03 15:40:50,B区门禁,刷卡失败,low,resolved,检测到刷卡失败事件,DOOR_008,
2025-10-03 15:12:04,C区门禁,区域入侵,medium,false_alarm,检测到刷卡失败事件,DOOR_002,
2025-10-03 09:47:42,机房门禁,未授权访问,high,resolved,检测到区域入侵事件,DOOR_003,
2025-10-03 00:49:57,B区门禁,强行开门,low,resolved,检测到刷卡失败事件,DOOR_013,
2025-10-03 10:06:47,机房门禁,尾随进入,critical,in_progress,检测到区域入侵事件,DOOR_020,21.0
2025-10-03 03:43:54,A区门禁,刷卡失败,medium,in_progress,检测到未授权访问事件,DOOR_002,15.0
2025-10-03 03:35:01,机房门禁,刷卡失败,high,in_progress,检测到刷卡失败事件,DOOR_019,49.0
2025-10-03 12:11:41,停车场门禁,区域入侵,critical,open,检测到刷卡失败事件,DOOR_018,
2025-10-03 03:45:21,B区门禁,强行开门,critical,in_progress,检测到尾随进入事件,DOOR_020,
2025-10-03 05:02:22,B区门禁,未授权访问,low,in_progress,检测到未授权访问事件,DOOR_010,
2025-10-03 07:50:59,办公区门禁,尾随进入,medium,open,检测到尾随进入事件,DOOR_002,
2025-10-03 05:27:58,B区门禁,强行开门,high,false_alarm,检测到刷卡失败事件,DOOR_008,7.0
2025-10-03 02:18:13,B区门禁,刷卡失败,high,false_alarm,检测到未授权访问事件,DOOR_012,41.0
2025-10-03 05:09:39,停车场门禁,区域入侵,high,false_alarm,检测到未授权访问事件,DOOR_016,17.0
2025-10-03 07:30:33,机房门禁,区域入侵,high,in_progress,检测到强行开门事件,DOOR_019,31.0
2025-10-03 18:13:58,停车场门禁,未授权访问,high,resolved,检测到强行开门事件,DOOR_013,9.0
2025-10-03 11:58:39,D区门禁,强行开门,high,resolved,检测到强行开门事件,DOOR_007,28.0
2025-10-02 03:55:17,C区门禁,未授权访问,low,open,检测到强行开门事件,DOOR_010,4.0
2025-10-02 00:03:49,办公区门禁,刷卡失败,medium,open,检测到区域入侵事件,DOOR_006,45.0
2025-10-02 09:17:48,停车场门禁,刷卡失败,medium,resolved,检测到未授权访问事件,DOOR_006,5.0
2025-10-02 05:30:00,B区门禁,未授权访问,critical,false_alarm,检测到门禁超时未关事件,DOOR_005,37.0
2025-10-02 03:16:37,A区门禁,门禁超时未关,critical,resolved,检测到门禁超时未关事件,DOOR_016,5.0
2025-10-02 09:56:17,机房门禁,区域入侵,medium,in_progress,检测到区域入侵事件,DOOR_012,60.0
2025-10-02 13:46:11,停车场门禁,尾随进入,low,open,检测到刷卡失败事件,DOOR_016,12.0
2025-10-02 20:28:56,停车场门禁,门禁超时未关,high,false_alarm,检测到刷卡失败事件,DOOR_001,
2025-10-02 16:31:25,B区门禁,尾随进入,low,open,检测到尾随进入事件,DOOR_010,6.0
2025-10-02 07:16:54,C区门禁,门禁超时未关,high,resolved,检测到门禁超时未关事件,DOOR_012,
2025-10-02 08:35:08,停车场门禁,门禁超时未关,low,resolved,检测到强行开门事件,DOOR_010,39.0
2025-10-02 18:18:59,C区门禁,刷卡失败,critical,false_alarm,检测到区域入侵事件,DOOR_008,5.0
2025-10-01 20:39:31,C区门禁,区域入侵,medium,open,检测到尾随进入事件,DOOR_018,
2025-10-01 20:47:00,办公区门禁,未授权访问,medium,open,检测到尾随进入事件,DOOR_013,20.0
2025-10-01 01:43:15,停车场门禁,刷卡失败,medium,resolved,检测到未授权访问事件,DOOR_005,
2025-10-01 14:45:02,办公区门禁,强行开门,low,false_alarm,检测到强行开门事件,DOOR_006,50.0
2025-10-01 01:18:47,B区门禁,强行开门,low,false_alarm,检测到尾随进入事件,DOOR_017,36.0
2025-10-01 16:03:32,A区门禁,门禁超时未关,high,open,检测到强行开门事件,DOOR_019,25.0
2025-10-01 08:51:40,C区门禁,区域入侵,critical,false_alarm,检测到刷卡失败事件,DOOR_004,
2025-10-01 17:58:19,A区门禁,尾随进入,critical,in_progress,检测到强行开门事件,DOOR_005,
2025-10-01 12:43:45,C区门禁,未授权访问,high,in_progress,检测到区域入侵事件,DOOR_012,
2025-10-01 06:38:45,机房门禁,强行开门,high,in_progress,检测到刷卡失败事件,DOOR_017,19.0
2025-10-01 06:19:45,B区门禁,未授权访问,critical,false_alarm,检测到刷卡失败事件,DOOR_006,23.0
2025-10-01 00:02:01,机房门禁,门禁超时未关,low,false_alarm,检测到区域入侵事件,DOOR_009,
2025-10-01 22:08:14,D区门禁,门禁超时未关,high,open,检测到未授权访问事件,DOOR_005,34.0
2025-10-01 08:38:14,停车场门禁,强行开门,critical,open,检测到刷卡失败事件,DOOR_006,6.0
2025-10-01 23:41:07,机房门禁,强行开门,critical,open,检测到门禁超时未关事件,DOOR_016,51.0
2025-10-01 15:42:02,A区门禁,区域入侵,high,false_alarm,检测到未授权访问事件,DOOR_005,
2025-10-01 02:32:52,机房门禁,强行开门,low,resolved,检测到强行开门事件,DOOR_015,13.0
2025-10-01 20:26:30,机房门禁,门禁超时未关,critical,false_alarm,检测到尾随进入事件,DOOR_014,52.0
2025-10-01 11:15:09,B区门禁,未授权访问,critical,open,检测到尾随进入事件,DOOR_015,
2025-10-01 04:45:49,C区门禁,门禁超时未关,medium,resolved,检测到未授权访问事件,DOOR_016,57.0
2025-10-01 02:09:16,C区门禁,未授权访问,low,in_progress,检测到强行开门事件,DOOR_020,38.0
2025-10-01 08:52:30,办公区门禁,未授权访问,high,resolved,检测到区域入侵事件,DOOR_005,
2025-10-01 12:59:51,停车场门禁,门禁超时未关,low,resolved,检测到刷卡失败事件,DOOR_015,
2025-10-01 18:01:12,B区门禁,门禁超时未关,low,in_progress,检测到未授权访问事件,DOOR_020,
2025-10-01 01:42:26,机房门禁,未授权访问,high,open,检测到刷卡失败事件,DOOR_010,13.0
2025-09-30 21:28:06,办公区门禁,门禁超时未关,medium,false_alarm,检测到区域入侵事件,DOOR_005,54.0
2025-09-30 09:48:09,办公区门禁,尾随进入,low,false_alarm,检测到门禁超时未关事件,DOOR_005,
2025-09-30 02:31:17,D区门禁,未授权访问,medium,false_alarm,检测到未授权访问事件,DOOR_004,
2025-09-30 23:49:50,停车场门禁,刷卡失败,low,resolved,检测到尾随进入事件,DOOR_012,42.0
2025-09-30 00:02:28,机房门禁,区域入侵,critical,in_progress,检测到区域入侵事件,DOOR_017,
2025-09-30 17:55:44,A区门禁,未授权访问,critical,resolved,检测到强行开门事件,DOOR_017,31.0
2025-09-30 23:03:08,D区门禁,未授权访问,high,false_alarm,检测到刷卡失败事件,DOOR_007,
2025-09-30 10:52:21,A区门禁,门禁超时未关,low,in_progress,检测到尾随进入事件,DOOR_017,51.0
2025-09-30 23:45:58,C区门禁,未授权访问,low,false_alarm,检测到强行开门事件,DOOR_016,51.0
2025-09-30 12:59:01,B区门禁,刷卡失败,high,false_alarm,检测到未授权访问事件,DOOR_018,11.0
2025-09-30 14:54:20,D区门禁,强行开门,low,open,检测到未授权访问事件,DOOR_014,
2025-09-30 22:05:54,A区门禁,区域入侵,high,in_progress,检测到尾随进入事件,DOOR_005,29.0
2025-09-30 14:07:53,办公区门禁,强行开门,high,in_progress,检测到区域入侵事件,DOOR_007,
2025-09-30 13:46:58,D区门禁,强行开门,critical,resolved,检测到区域入侵事件,DOOR_012,8.0
2025-09-30 14:10:00,C区门禁,强行开门,high,open,检测到强行开门事件,DOOR_012,3.0
2025-09-30 11:47:57,停车场门禁,区域入侵,critical,in_progress,检测到刷卡失败事件,DOOR_004,45.0
2025-09-29 09:06:27,A区门禁,区域入侵,low,resolved,检测到刷卡失败事件,DOOR_009,
2025-09-29 23:17:55,停车场门禁,刷卡失败,medium,false_alarm,检测到刷卡失败事件,DOOR_002,41.0
2025-09-29 17:40:09,A区门禁,未授权访问,high,resolved,检测到区域入侵事件,DOOR_017,17.0
2025-09-29 22:51:15,A区门禁,强行开门,critical,false_alarm,检测到门禁超时未关事件,DOOR_009,44.0
2025-09-29 00:02:02,机房门禁,尾随进入,low,false_alarm,检测到刷卡失败事件,DOOR_018,1.0
2025-09-29 13:39:01,B区门禁,区域入侵,high,resolved,检测到刷卡失败事件,DOOR_001,5.0
2025-09-29 12:52:47,B区门禁,未授权访问,medium,false_alarm,检测到尾随进入事件,DOOR_012,15.0
2025-09-29 21:32:34,C区门禁,尾随进入,high,resolved,检测到未授权访问事件,DOOR_003,39.0
2025-09-29 15:01:59,A区门禁,刷卡失败,low,in_progress,检测到强行开门事件,DOOR_007,22.0
2025-09-29 21:47:09,D区门禁,尾随进入,medium,in_progress,检测到门禁超时未关事件,DOOR_013,47.0
2025-09-29 17:19:44,B区门禁,门禁超时未关,critical,false_alarm,检测到区域入侵事件,DOOR_011,39.0
2025-09-29 00:49:07,机房门禁,尾随进入,medium,open,检测到门禁超时未关事件,DOOR_019,48.0
2025-09-29 22:31:54,B区门禁,门禁超时未关,critical,false_alarm,检测到区域入侵事件,DOOR_020,34.0
2025-09-29 10:00:14,机房门禁,门禁超时未关,high,resolved,检测到刷卡失败事件,DOOR_011,
2025-09-29 15:07:57,办公区门禁,区域入侵,medium,in_progress,检测到未授权访问事件,DOOR_001,
